Titulo;Ano;Pais;Genero
21 gramos;2003;USA	;Thriller, Drama, Policiav
Suite Habana;2003;Cuba	;Documental	x x
El premio;1963;USA	;Thriller, Drama, Policial (ch
Space Cowboys;2000;USA	;Thriller, Aventura^.
Una jornada particular;1977;Italy	;Drama, Bélica, Romántica
14 de julio;1933;francia	;Comedia
21 gramos;2003;USA	;Thriller, Drama, Policial (cri
4 luni, 3 saptamáni si 2zile;2007;Romanía	;Drama
Dos metros bajo tierra, A;2001;USA	;Drama
la mañana siguiente, A;1986;USA	;Thriller, Policial (crimen), R
Abismos de pasión;1954;México	;Drama, Romántica
Acción mutante;1993;Spain	;Thriller, Ciencia Ficción, Com
Adiós a mi concubina;1993;China	;Drama, Música, Bélica, Románti
Aflicción;1997;USA	;Thriller, Drama, Misterio
Al otro lado;2007;Germany	;Drama
Al servicio de las damas;1936;USA	;Comedia, Romántica
Alemania, año cero;1948;Italy	;Drama
Aleksandr Nevskiy;1938;Soviet Union	;Acción, Drama, Bélica, Histori
Algunos hombres buenos;1992;USA	;Thriller, Drama, Policial (cri
Amantes (x2);1991;Spain	;Drama, Policial (crimen), Romá
Amén. (x2);2002;France	;Drama, Bélica, Policial (crime
Amor en conserva;1949;USA	;Comedia, Policial (crimen), Mu
Amores perros;2000;México	;Thriller, Drama
Angeles sin brillo;1957;USA	;Drama, Romántica
Antes que el diablo sepa que h;2007;USA	;Thriller, Drama, Policial (cri
Apache;1954;USA	;Lejano Oeste
Aparajito - Trilogía de .Apu;1956;India	;Drama
Apur Sansar - Trilogía de Apu;1959;India	;Drama
Arcadia;2005;Belgium	;Thriller, Drama, Comedia, Poli X
Arsénico por compasión;1944;USA	;Thriller, Comedia, Policial (c
Arturo de Cordova;1953;México	;Drama
Atraco a las tres;1962;Spain	;Comedia
Atraco perfecto;1956;USA	;Thriller, Policial (crimen), C
Ayer, hoy y mañana;1963;Italy	;Comedia, Romántica
Bagdad Cafe;1982;West Germany	;Drama, Comedia
Bailando con lobos (x3);1990;USA	;Drama, Aventuras, Lejano Oeste
Bajo los techos de París;1930;France	;Drama, Comedia, Romántica ^
Barrio;1998;Spain	;Drama
Berlín Exp-*jjass;1948;USA	;Thriller, Drama, Cine Negro
Bienvenidos a Collinwood;2002;USA	;Comedia, Policial (crimen)
Blade Runner;1982;USA	;Thriller, Drama, Ciencia Ficci
Blow-Up (Deseo de una mañana d;1966;UK	;Thriller, Drama, Misterio
Boca a boca;1995;Spain	;Comedia, Romántica
Bodas de sangre;1981;Spain	;Drama
Bodas reales;1951;USA	;Comedia, Romántica, Musical
Braveheart;1995;USA	;Acción, Drama, Bélica, Histori
Buenas noches, y buena suerte.;2005;USA	;Drama, Historia
Buenos días, noche;2003;Italy	;Drama
Buenos días;1959;Japan	;Drama, Comedia
Cabaret (x2);1972;USA	;Drama, Música, Romántica, Musi
Caché (Escondido);2005;France	;Thriller, Drama, Misterio
Cadena perpetua;1994;USA	;Drama, Policial (crimen)
Cadenas rotas;1946;UK	;Drama, Romántica
Café irlandés;1993;UK	;Drama, Comedia
Calabuch;1956;Spain	;Comedia
Camarada;1946;Italy	;Drama, Bélica
Camino;2009;España	 
Canción de cuna para un cadáve;1964;USA	;Thriller, Horror, Drama
Candilejas;1952;USA	;Drama, Música, Comedia, Románt
Cara de ángel;1952;USA	;Drama, Policial (crimen), Cine
Caro diario: querido diario;1993;Italy	;Drama, Comedia, Biográficas
Carreteras secundarias;1997;Spain	;Drama, Romántica
Carrie;1976;USA	;Horror, Drama
Carros de fuego;1981;UK	;Drama, Deportes, Historia
Carta a tres esposas;1949;USA	;Drama, Romántica, Misterio
Casablanca;1942;USA	;Drama, Bélica, Romántica
Cayo Largo;1948;USA	;Thriller, Drama, Policial (cri
Cazador blanco, corazón negro;1990;USA	;Drama, Aventuras
Cazador de forajidos;1957;USA	;Lejano Oeste
Charada;1963;USA;Thriller, Comedia, Romántica,
Chicago;2002;USA;Drama, Comedia, Policial (crim.
Chocolat;2000;UK;Drama, Romántica, Misterio
Cinema Paradiso;1988;Italy;Drama, Comedia, Romántica
Ciudad de Dios;2002;Brazil;Drama, Policial (crimen)
Ciudad sin ley;2005;USA;Thriller, Drama, Policial (cri
Ciudadano Kane;1941;USA;Drama, Misterio
Code ';2000;usa;Thriller
Coffee and CigarettesJ/Wl</A//;2003;USA;Drama, Música, Comedia
Como agua para chocolate;1992;México;Drama, Romántica
Cómo casarse con un millonario;1953;USA;Drama, Comedia, Romántica
Con amor, Liza;2002;France;Drama, Comedia
Con faldas y a lo loco;1959;USA;Comedia
I giorni contati;1963;Italy;
Confidencias;1974;Italy;Drama
Contra la pared;2004;Germany;Drama, Romántica
Conversaciones con mi jardiner;2007;France;Drama, Comedia
Cookie's Fortune;1999;USA;Drama, Comedia
Copacabana;1947;usa;Documental, Cortos
Corazón rebelde;2009;USA;Drama, Música, Romántica
Corrientes ocultas;1946;USA;Thriller, Cine Negro
Cotton Club;1984;USA;Drama, Música, Policial (crime
Crash;2004;USA;Drama
C.S.I. - Temporada 1;2000;USA;Thriller, Drama, Policial (cri
CSI: Miami - Temporada 1;2002;USA;Acción, Thriller, Drama, Polic
Cuando muere el día;1941;USA;Drama, Bélica
Cube;1997;Cañada;Thriller, Horror, Ciencia Ficc
Cuento de invierno;1992;France;Drama
Cuento de otoño;1998;France;Drama, Romántica
Cuento de primavera;1990;France;Drama, Comedia, Romántica
Cuento de primavera;1990;France;Drama, Comedia, Romántica
Conte d'été;1996;France;Drama, Comedia, Romántica
Cuentos de la luna pálida;1953;Japan;Thriller, Drama
fióc cuentos de Tokyo;1953;Japan;Drama
Cumbres borrascosas;1939;USA;Drama, Romántica
Cyrano de Bergerac (x2);1950;USA;Drama, Romántica
Cyrano de Bergerac (x2);1990;France;Drama, Comedia, Romántica, His
Danzad, danzad, malditos;1969;USA;Drama
Delitos y faltas;1989;USA;Drama, Comedia
Desayuno con diamantes;1961;USA;Drama, Comedia, Romántica
Desayuno en Plutón;2005;Ireland;Drama, Comedia
Deseando amar;2000;Hong Kong;Drama, Romántica
Deseos humanos (x2);1954;USA;Drama, Cine Negro
Días contados;1994;Spain;Thriller, Drama
Dies irae;1943;Denmark;Drama, Romántica
12 hombres sin piedad;1957;USA;Drama, Misterio
Dodesukaden;1970;Japan;Drama
Dogville;2003;Spain;Thriller, Drama, Misterio
Dolls - Marionetas;2002;Japan;Drama, Romántica
Dos cabalgan juntos;1961;USA;Lejano Oeste •
Dos chicas de hoy;1997;UK;Drama
Dos hombres contra el Oeste;1971;USA;Lejano Oeste
Dos hombres y un destino;1969;USA;Drama, Aventuras, Policial (cr
2001: Una odisea del espacio;1968;UK;Ciencia Ficción, Aventuras, Mi
Dos mujeres x2;1960;Italy;Drama, Bélica
Duelo al sol;1946;USA;Drama, Lejano Oeste, Romántica
Edipo rey;1967;Italy;Drama
West Side Story;1961;USA;Drama, Policial (crimen), Romá
El gran MacLintock;1963;USA;Comedia, Lejano Oeste, Románti
El abrazo de la muerte;1949;USA;Thriller, Drama, Policial (cri
El Alamo;1960;USA;Acción, Drama, Aventuras, Béli
El americano impasible x2;2002;Germany;Thriller, Drama, Bélica, Román
El amo de la casa;1925;Denmark;Drama
Eli amor;1948;italia;
El ángel exterminador;1962;México;Drama, Comedia, Fantasía, Mist
El apartamento;1960;USA;Drama, Comedia, Romántica
El asesinato de Richard Nixon;2004;USA;Drama, Policial (crimen), Hist
El aventurero;1967;italia;
El aviador;2004;USA;Drama, Biográficas
El banquete de boda;1993;Taiwan;Drama, Comedia, Romántica
El bueno, el feo y el malo;1966;Italy;Aventuras, Lej ano Oeste
El burlador de Castilla;1948;USA;Acción, Aventuras, Romántica
El buscavidas;1961;USA;Drama, Romántica, Deportes
El cartero siempre llama dos v;1981;USA;Thriller, Drama, Policial (cri
El cielo protector;1990;UK;Drama, Aventuras, Romántica
El color del dinero;1986;USA;Drama, Deportes
El coronel Maciá;2006;Spain;Biográficas
El coronel no tiene quien le e;1999;México;Drama
El crepúsculo de los dioses;1950;USA;Drama, Cine Negro
El cuarto hombre;1952;USA;Drama, Policial (crimen) , Mist
El cuarto protocolo;1987;UK;Thriller
El cuchillo en el agua;1962;Poland;Drama
El día más largo;1962;USA;Acción, Drama, Bélica, Histori
El diablo de las aguas turbias;1954;USA;Thriller, Drama, Aventuras
El dinero;1983;France;Drama, Policial (crimen)
El empleo del tiempo;2001;France;Drama
Un espíritu burlón;1945;UK;Drama, Comedia, Fantasía, Romá
El extraño;1946;USA;Thriller, Drama, Policial (cri
El extraño amor de Martha Iver;1946;USA;Drama, Cine Negro
El extraño viaje;1964;Spain;Comedia, Policial (crimen)
El fantasma de la ópera;1925;USA;Horror, Drama
El fantasma y la señora Muir;1968;USA;Comedia
El fugitivo;1993;USA;Acción, Thriller, Drama, Avent
El gatopardo x2;1963;Italy;Drama, Bélica, Romántica, Hist
El gran dictador;1940;USA;Drama, Comedia, Bélica
El gran Flamarion;1945;USA;Drama, Cine Negro
El gran Lebowski;1998;USA;Comedia, Policial (crimen), Mi
El gran mago;;;
El hijo de Montecristo;1940;USA;Acción, Aventuras
El hombre del tren;2002;France;Thriller, Drama, Policial (cri
El hombre que mató a Liberty V;1962;USA;Drama, Lejano Oeste, Romántica
El hombre que se apareció a si;1970;UK;Thriller, Horror, Drama, Fanta
El honor de los prizzi;1985;USA;Drama, Comedia, Policial (crim
El hundimiento;2004;Germany;Drama, Bélica, Historia, Biogr
El increíble hombre menguante;1957;USA;Thriller, Ciencia Ficción
El inocente;1976;Italy;Drama, Romántica
El intendente Sansho;1954;Japan;Drama
El jardinero fiel;2005;UK;Thriller, Drama, Romántica, Mi
El joven Lincoln;1939;USA;Drama, Biográficas
El jurado;2003;USA;Thriller, Drama
El laberinto del fauno;2006;Spain;Drama, Bélica, Fantasía, Miste
El león en invierno;1968;UK;Drama, Historia
Most Dangerous Game, The;1932;USA;Thriller, Horror, Aventuras, M
El manantial de la doncella;1960;Sweden;Drama, Policial (crimen)
El maquinista de la general;1926;USA;Acción, Comedia, Bélica, Román
El mensajero del miedo;1962;USA;Thriller, Drama, Misterio
El mercader de Venecia;2004;USA;Drama
El millonario;1954;UK;Comedia, Romántica
El nacimiento de una nación;1915;USA;Drama, Bélica, Lejano Oeste, R
El navegante;1924;USA;Comedia
El otro lado de la cama;2002;Spain;Drama, Comedia, Romántica, Mus
El paciente inglés;1996;USA;Drama, Bélica, Romántica
El padrino;1972;USA;Drama, Policial (crimen)
El padrino. Parte II;1974;USA;Drama, Policial (crimen)
El padrino. Parte III;1990;USA;Thriller, Drama, Policial (cri
El perro del hortelano x2;1996;Spain;Comedia, Romántica
El pianista x2;2002;France;Drama, Bélica, Biográficas
El piano x2;1993;Australia;Drama, Romántica
Prince and the Pauper, The;1937;USA;Drama, Aventuras, Fantasía, Fa
El principio de la incertidumb;2002;France;Drama
Procés de Jeanne d'Arc;1962;France;Drama, Bélica
El profesor chiflado;1963;USA;Ciencia Ficción, Comedia
El puente sobre el río Kwai;1957;UK;Drama, Aventuras, Bélica
El resplandor;1980;UK;Horror, Misterio
El rostro impenetrable;1961;USA;Lejano Oeste
El salario del miedo;1953;France;Thriller, Drama
El samurai ciego;;japón;
El sargento negro;1960;USA;Policial (crimen), Lejano Oest
El secreto de Vera Drake;2004;UK;Drama, Policial (crimen)
El señor de Balantry;1953;USA;Aventuras
El séptimo sello;1957;Sweden;Drama, Fantasía
El silencio de un hombre;1967;France;Thriller, Drama, Policial (cri
El tercer hombre;1949;UK;Thriller, Misterio, Cine Negro
El trigo esta verde;1979;usa;Drama
August Rush: El triunfo de un;2007;USA;Drama, Música, Romántica
El último emperador;1987;China;Drama, Historia, Biográficas
El último golpe;2001;Cañada;Acción, Thriller, Drama, Polic
El último gran mago;2007;UK;Thriller, Drama, Romántica
El último show;2006;USA;Drama, Música, Comedia, Música
El valle de la venganza (x2);1951;USA;Lejano Oeste
El verdugo;1963;Spain;Drama, Comedia
El viaje a ninguna parte;1986;Spain;Drama, Comedia
El viaje de Chihiro;2001;Japan;Aventuras, Fantasía, Animación
El viaje de la tortuga;2009;uk;Animación
El viaje de los malditos;1976;UK;Drama, Bélica
El violinista en el tejado (x2;1971;USA;Drama, Familiar, Musical
Ellos y ellas;1955;USA;Comedia, Romántica, Musical
Emma, de Jane Austen;1996;UK;Comedia, Romántica
En alas de la danza;1936;USA;Comedia, Romántica, Musical
En busca del fuego;1981;Cañada;Drama, Aventuras
En el valle de Elah;2007;USA;Thriller, Drama/ Policial (cri
En la cama;2005;Chile;Drama
En tierra de nadie;2001;France;Drama, Comedia, Bélica
Encuentros en la tercera fase;1977;USA;Drama, Ciencia Ficción
Ensayo de un crimen;1955;México;Drama, Comedia, Policial (crim
Bnviado especial;1940;USA;Thriller, Bélica, Romántica, M
Escala en Hawaii;1955;USA;Drama, Comedia, Bélica
Epaña en la memoria;;;Comedia
Estación Termini;1953;Italy;Drama, Romántica
Europa;1991;Spain;Drama, Bélica
Eva al desnudo;1950;USA;Drama
Factótum;2005;Norway;Drama, Comedia, Romántica
Falso culpable;1956;USA;Drama, Policial (crimen), Cine
Fanny y Alexander;1982;Sweden;Drama, Fantasía, Misterio
Fascinación;1976;USA;Thriller, Drama, Misterio
forajidos (x2);1976;usa;Acción
Funny Games: juegos divertidos;1997;Austria;Thriller, Horror, Drama, Polic
furia;1936;usa;
Furtivos;1975;Spain;Drama
Gente con clase;2000;UK;Comedia
Gertrud;1964;Denmark;Drama
Ghandi;1983;usa;Drama
Good bye, Lenin!;2003;Germany;Drama, Comedia, Romántica
Gritos y susurros;1972;Sweden;Drama, Romántica
Guantanamera;1995;Cuba;Drama, Comedia
Ha nacido una estrella;1954;USA;Drama, Romántica, Musical
Ha nacido una estrella;1937;USA;Drama
Hacia el sur;2005;France;Drama
Hamlet;1948;;
Happy Together (X2);1997;Hong Kong;Drama, Comedia, Romántica
Harry, un amigo que os quiere;2000;France;Thriller, Drama, Comedia
Hatari!;1962;USA;Acción, Drama, Aventuras, Romá
Heat;1995;USA;Thriller, Drama, Policial (cri
Heavy;1995;USA;Drama, Romántica
Hijos de un mismo dios;2001;USA;Drama, Bélica, Policial (crime
Historias de Filadelfia;1940;USA;Comedia, Romántica
Historias de la radio;1955;Spain;Comedia
Historias extraordinarias;1968;France;Horror, Misterio
hombres;1951;usa;Drama
Hombres intrépidos;1940;USA;Drama, Bélica
Horizontes de grandeza-—^;1958;USA;Drama, Lejano Oeste, Romántica
Hótel du Nord;1938;France;Drama
house temporada 1 - Temporada;;;
House - Temporada 1;2004;USA;Drama, Misterio
Huracán sobre la isla;1937;USA;Acción, Drama, Romántica
Imitación a la vida;1959;USA;Drama, Romántica
Indefenso;1993;UK;Drama, Comedia
En busca del arca perdida;1981;USA;Acción, Aventuras
Indiana Jones y la última cruz;1989;USA;Acción, Aventuras
Indiana Jones y el reino de la;2008;USA;Acción, Aventuras
indiscreta;1954;usa;Thriller
Inland Empire;2006;France;Thriller, Drama, Misterio
Inquietud;1998;Portugal;Drama
intervista;1987;italia;Comedia
Investigación sobre un ciudada;1970;Italy;Drama, Policial (crimen)
Irma, la dulce;1963;USA;Comedia, Romántica
Jet Lag;2002;France;Comedia, Romántica
Jezabel;1938;USA;Drama, Romántica
Jo, ¡qué noche!;1985;USA;Thriller, Comedia
Johnny Guitar;1954;USA;Lejano Oeste
Jóvenes prodigiosos;2000;UK;Drama, Comedia
;1941;USA;Drama, Comedia, Romántica
Juan Nadie (x3);1941;USA;Drama, Comedia, Romántica
Juana la loca;2006;españa;
Jules y Jim;1962;France;Drama, Romántica
Giulietta de los espíritus;1965;Italy;Drama, Comedia, Fantasía, Romá
Julio César;1953;USA;Drama, Historia
junio -;2007;usa;Comedia
Juventud ambiciosa;1943;USA;Comedia
K-19: The Widowmaker;2002;UK;Thriller, Drama, Historia
Kim de la India;1950;USA;Drama, Aventuras, Familiar
Northanger Abbey;2007;UK;Drama, Romántica
La ansiedad de Veronika Voss;1982;West Germany;Drama
La boda del monzón;2001;India;Drama, Comedia, Romántica
Cena de Navidad;1999;France;Drama, Comedia
La caída de los dioses;1969;Italy;Drama, Bélica
La carga de la Brigada Ligera;1936;USA;Acción, Aventuras, Bélica, Rom
La carta;1999;France;Drama
La casa de bambú;1955;USA;Drama, Policial (crimen), Cine
La caza del Octubre Rojo;1990;USA;Acción, Thriller, Aventuras
La clase;2008;France;Drama
La colina;1965;usa;Bélica
La colina de los diablos de ac;1957;USA;Drama, Bélica
La colmena;1982;Spain;Drama
La condesa descalza;1954;USA;Drama, Policial (crimen), Romá
La corona de hierro;1941;Italy;Aventuras, Fantasía
La Costilla de Adán (x2);1949;USA;Drama, Comedia, Romántica
La dama del armiño;1947;Stoacín;Comedia
La decisión de Sophie;1982;UK;Drama, Romántica
La diligencia;1939;USA;Acción, Drama, Lejano Oeste, R
La dolce vita;1960;Italy;Drama, Comedia
La ducha;1999;China;Drama, Comedia
La escalera de caracol;1945;USA;Thriller, Drama, Misterio, Cin
la .estrella ausente;;;
El último samurai;2003;USA;Acción, Drama, Aventuras, Béli
La estrella de variedades;1943;USA;Horror, Música, Comedia, Román
La fiera de mi niña;1938;USA;Comedia, Romántica
La flor de mi secreto;1995;Spain;Drama
La fortuna de vivir;1999;France;Drama, Comedia
La gran aventura de Silvia;1935;USA;Drama, Comedia, Romántica
La gran evasión;1963;USA;Drama, Aventuras, Bélica, Hist
La habitación de Fermat;2007;Spain;Thriller, Misterio
La habitación del hijo;2001;Italy;Drama, Misterio
La heredera;1949;USA;Drama, Romántica
La herencia Ferramonti;1976;Italy;Drama
La hora de los valientes;1998;Spain;Drama, Bélica, Romántica
La impetuosa;1952;USA;Comedia, Romántica, Deportes
La inglesa y el duque;2001;France;Drama, Bélica, Historia
La joven de la perla;2003;UK;Drama, Romántica, Biográficas
La lengua de las mariposas;1999;Spain;Drama, Música, Bélica
la ley de la fuerza;1952;USA;Acción, Drama, Lejano Oeste
La milla verde;1999;USA;Drama, Fantasía, Policial (cri
La muchacha de Londres;1929;UK;Thriller, Policial (crimen)
La mujer del año;1942;USA;Comedia, Romántica, Deportes
La mujer del cuadro;1944;USA;Thriller, Policial (crimen), M
La mujer pantera;1942;;Horror, Misterio
La noche de los muertos vivien;1968;USA;Horror, Misterio
La noche del cazador;1955;USA;Thriller, Drama, Cine Negro
La novia cadáver;2005;UK;Música, Fantasía, Animación, R
La octava mujer de Barba Azul;1938;USA;Comedia, Romántica
La pantera Rosa;1963;USA;Comedia, Policial (crimen), Fa
La pradera sin ley;1955;USA;Lejano Oeste
La quimera del oro;1925;USA;Comedia, Aventuras, Familiar,
La reina de África;1951;UK;Drama, Aventuras, Bélica, Romá
La taberna del irlandés;1963;USA;Comedia, Romántica
La tapadera;1993;USA;Thriller, Drama
La tentación vive arriba;1955;USA;Comedia, Romántica
La tienda de los horrores;1986;USA;Horror, Ciencia Ficción, Comed
La última vez que vi Paris;1954;USA;Drama, Romántica
La ventana indiscreta;1954;USA;Thriller, Policial (crimen) , R
La vida de nadie;2002;Spain;Drama, Misterio
La vida es dulce;1990;UK;Drama, Comedia
La vida secreta de las palabra;2005;Spain;Drama, Romántica
La zona gris;2001;USA;Drama, Bélica
las cuatro plumas;1977;UK;Aventuras
Las damas del bosque de Boloni;1945;France;Drama, Romántica
Las flores de Harrison;2000;France;Drama, Bélica, Romántica
Las horas;2002;USA;Drama
Las invasiones bárbaras;2003;Cañada;Drama, Comedia, Policial (crim
Las maniobras del amor;1955;France;Drama, Comedia, Romántica
Las mujeres de verdad tienen c;2002;USA;Drama, Comedia
Las nieves del Kilimanjaro;1952;USA;Drama, Aventuras, Romántica
Las tres noches de Eva;1941;USA;Comedia, Policial (crimen), Ro
Las uvas de la ira;1940;USA;Drama
Las vírgenes suicidas;1999;USA;Drama, Romántica, Misterio
Las zapatillas rojas;1948;UK;Drama, Música, Romántica
Last Days;2005;USA;Drama, Música, Biográficas
Laura;1944;USA;Thriller, Policial (crimen), R
Lawrence de Arabia;1962;UK;Drama, Aventuras, Bélica, Hist
Lejos del cielo;2002;USA;Drama, Romántica
leolo;1992;France;Drama, Comedia
Lo que piensan las mujeres;1941;USA;Comedia
lola;1981;West Germany;Drama, Comedia
Les amants;1958;France;Drama
Los amigos de Peter;1992;UK;Drama, Comedia, Romántica
Los Blandings ya tienen casa;1948;USA;Comedia, Romántica
Los falsificadores;2007;Austria;Drama, Bélica, Policial (crime
Los girasoles;1970;Italy;Drama
Los girasoles ciegos;2008;Spain;Drama
Un dia en las carreras;1937;USA;Comedia, Deportes
Una tarde en el circo;1939;USA;Comedia, Musical
Tienda de locos;1941;USA;Comedia, Musical
El hotel de los lios;1938;USA;Comedia
Los hermanos Marx en el Oeste;1940;USA;Comedia, Lejano Oeste, Musical
Los intocables de Eliot Ness;1987;USA;Thriller, Drama, Policial (cri
Los inútiles;1953;Italy Rrancia;Drama, Comedia
los joyeros del claro de luna;;;
Los lunes al sol;2002;Spain;Drama
Los mejores años de nuestra vi;;;
Los pazos de Ulloa;1946;"USA Spain";Drama, Bélica, Romántica
Los santos inocentes;1984;Spain;Drama
Los siete magníficos;1960;USA;Drama, Aventuras, Lejano Oeste
Los siete samuráis;1954;Japan;Drama, Aventuras
Los Tarantos;1963;Spain;Drama
los tres reyes;;usa;Acción, Aventuras, Historia
Los viajes de Sullivan;1941;USA;Drama, Comedia, Aventuras, Rom
Lucía y el sexo;2001;Spain;Drama, Romántica
Luna de Avellaneda;2004;Argentina;Drama, Comedia, Deportes
Luna nueva;1940;USA;Drama, Comedia, Romántica
Lunas de hiel;1992;France;Thriller, Drama, Romántica
Macarroni;;Norway;Comedia
Madayo;1993;Japan;Drama
Madres e hijas (copia pirata);2009;USA;Drama
Mamá cumple cien años;1979;Spain;Comedia, Fantasía
Manhattan;1979;USA;Drama, Comedia, Romántica
Mansfíeld Park;1999;UK;Drama, Comedia, Romántica
Manuale d'amore;2005;Italy;Drama, Comedia, Romántica
Marius y Jeannette (un amor en;1997;France;Drama, Comedia, Romántica
Martín (Hache);1997;Spain;Drama
Master and commander: Al otro;2003;USA;Acción, Drama, Aventuras, Béli
Matar a un ruiseñor;1962;USA;Drama, Policial (crimen), Mist
Matrix;1999;USA;Acción, Ciencia Ficción, Avent
Matrix Reloaded;2003;USA;Acción, Ciencia Ficción, Avent
Matrix Revolutions, The;2003;Australia;Acción, Ciencia Ficción, Avent
Mayerling;1968;France;Drama, Romántica, Historia
Me linda y Melinda;2004;USA;Drama, Comedia
Melodías de Broadway;1953;USA;Comedia, Familiar, Romántica,
Memorias de África;1985;USA;Drama, Aventuras, Romántica, B
Mii mejor amigo;2006;France;Comedia
Michael Clayton;2007;USA;Thriller, Drama, Policial (cri
Milagro en Milán;1951;Italy;Drama, Comedia, Fantasía
Million Dollar Baby;2004;USA;Drama, Deportes
Misery;1990;USA;Thriller
Moulin Rouge;2001;USA;Drama, Romántica, Musical
Mrs. Henderson presenta;2005;UK;Drama, Música, Comedia, Bélica
Muerte de un ciclista;1955;Spain;Drama
Muerte de un viajante;1985;USA;Drama
Muerte en Venecia;1971;Italy;Drama, Fantasía
Mujeres en Venecia;1967;USA;Comedia, Policial (crimen)
Mystic River;2003;USA;Thriller, Drama, Policial (cri
Narciso negro;1947;UK;Drama
Nazarín;1959;México;Drama
New York, New York;1977;USA;Drama, Música, Romántica, Musi
Niágara;1953;USA;Thriller, Drama, Cine Negro
Gycklarnas afton. Noche de cir;1953;Sweden;Drama
Nueve reinas;2000;Argentina;Thriller, Policial (crimen)
Obsesión;1954;usa;Drama, Romántica
Ocean's eleven. Hagan juego;2001;USA;Acción, Policial (crimen)
ochenta y ocho minutos;1998;USA;Thriller, Policial (crimen)
Octubre;1928;Soviet Union;Drama, Historia
Oliver Twist (catalan);2005;UK;Drama, Familiar
Oliver twist;1922;USA;Drama
Opera prima;1980;Spain;Comedia
Operación Cicerón;1952;USA;Thriller, Drama
Operación Pacífico;1959;USA;Comedia, Romántica
Operación Whisky;1964;USA;Comedia, Aventuras, Bélica, Ro
Ordet (La palabra);1955;Denmark;Drama
orgullo y prejuicio;;UK;Drama, Romántica
Oro, amor y sangre;1940;USA;Acción, Drama, Lejano Oeste, R
Osama;2003;Afghanistan;Drama
Pajaritos y pajarracos;1966;Italy;Comedia, Historia
Palabra y utopía;2000;Spain;Drama, Biográficas
Pan, amor y celos;1954;Italy;Comedia, Romántica
Pan, amor y fantasía;1953;Italy;Comedia, Romántica
Papillon;1973;USA;Drama, Policial (crimen), Biog
Para todos los gustos;2000;France;Drama, Comedia, Romántica
Paris, Texas;1984;West Germany;Drama
Pather Panchali;1955;India;Drama
Patrimonio nacional;1981;Spain;Comedia
Pepi, Luci, Bom y otras chicas;1980;Spain;Comedia
Pequeña Miss Sunshine;2006;USA;Drama, Comedia, Aventuras
Perdición;1944;USA;Thriller, Policial (crimen), C
Persuasión (Jane Austen);1995;;Drama, Romántica
Pickpocket;1959;France;Thriller, Drama, Policial (cri
Picnic;1955;USA;Drama, Romántica
Pink Floyd The Wall;1982;UK;Drama, Música•
Plácido;1961;Spain;Comedia
Polonia - Temporada 1;2006;Spain;Comedia
Poltergeist;1982;USA;Horror, Fantasía
Primavera, verano, otoño, invi;2003;South Korea;Drama
Puerta de las lilas;1957;France;Drama, Policial (crimen), Romá
Quantum of Solace;2008;UK;Acción, Thriller, Aventuras
Qué bello es vivir!;1946;USA;Drama, Fantasía, Romántica
Que el cielo la juzgue;1945;USA;Thriller, Drama, Cine Negro
Qué ocurrió entre mi padre y t;1972;USA;Comedia, Romántica
Qué verde era mi valle!;1941;USA;Drama, Familiar
Querido detective;1986;USA;Acción, Thriller, Comedia, Pol
Quills;2000;USA;Drama, Romántica, Historia, Bi
Ragtime - Temporada 1;1982;usa;Acción, Familiar
Rebelde sin causa;1955;USA;Drama, Romántica
Recursos humanos;1999;France;Drama
Retorno al pasado;1947;USA;Thriller, Drama, Cine Negro
Roma, ciudad abierta;1945;Italy;Drama, Bélica
Romeo debe morir;2000;USA;Acción, Thriller, Drama, Polic
Sacrificio;1986;Sweden;Drama
Salvador (Puig Antich);2006;Spain;Drama
Salvar al soldado Ryan;1998;USA;Acción, Drama, Bélica, Histori
Sangre fácil;1984;USA;Thriller, Drama, Policial (cri
Sangre, sudor y lágrimas;1942;UK;Drama, Bélica
Sangre y arena;1941;USA;Drama, Deportes
Tsubaki Sanjüró;1962;Japan;Acción, Thriller, Drama
Saraband;2003;Sweden;Drama, Música
Secretos del corazón;1997;France;Drama
Secretos y mentiras;1996;France;Drama, Comedia
Sentido y sensibilidad;1995;USA;Drama, Romántica
Señales del futuro;2009;USA;Thriller, Drama, Ciencia Ficci
Ser o no ser;1942;USA;Drama, Comedia, Bélica
Shoah;1985;France;Documental
Sin amor;1945;USA;Comedia, Romántica
Yes Minister - Temporada 1;1980;UK;Comedia
Sin conciencia;1951;USA;Drama, Policial (crimen), Cine
Sin novedad en el frente;1930;USA;Acción, Drama, Bélica, Histori
Sirenas;1993;Australia;Drama, Comedia
Sitiados;1950;USA;Drama, Bélica
Smoking Room;2002;Spain;Drama
Solo ante el peligro;1952;USA;Drama, Lejano Oeste
Sólo el cielo lo sabe;1955;USA;Drama, Romántica
Sólo mía;2001;Spain;Drama
Stromboli, tierra de Dios;1950;Italy;Drama
Su juego favorito;1964;USA;Comedia, Romántica
Sueños;1955;Sweden;Drama
Swimming Pool;2003;France;Thriller, Drama, Policial (cri
Tambores lejanos;1951;USA;Acción, Lejano Oeste
Tango;1998;Spain;Drama, Musical
Te querré siempre;1954;Italy;Drama
Tener y no tener;1944;USA;Thriller, Música, Aventuras, B
Tess;1979;France;Drama, Romántica
Testigo de cargo;1957;USA;Thriller, Drama, Policial (cri
Abyss;1989;USA;Acción, Thriller, Drama, Cieñe
Una mujer difícil;2004;USA;Drama, Comedia, Romántica, Mis
Queen (La Reina), The;2006;UK;Drama, Biográficas
Wire - Bajo escucha, The (temp;2002;USA;Thriller, Drama, Policial (cri
Tiburón;1975;USA;Thriller
Tiempo de amar, tiempo de mori;1958;USA;Drama, Bélica, Romántica
Tierra y libertad;1995;UK;Drama, Bélica, Historia
Tierras de penumbra;1993;UK;Drama, Romántica, Biográficas
Titanic;1997;USA;Drama, Romántica, Historia
Ser o no ser;1942;USA;Drama, Comedia, Bélica
Todo por la pasta;1991;Spain;Thriller
Todo sobre mi madre;1999;Spain;Drama
Todos a casa;1960;Italy;Drama, Bélica
Toma el dinero y corre;1969;USA;Comedia, Policial (crimen)
Tomates verdes fritos;1991;USA;Drama, Comedia
Toro salvaje;1980;USA;Drama, Deportes, Biográficas
Traffic;2000;Germany;Thriller, Drama, Policial (cri
Tres reyes;1999;USA;Acción, Drama, Comedia, Aventu
trilogía de apu;;;
El imperio contraataca;1980;USA;Acción, Ciencia Ficción, Avent
El retorno del Jedi;1983;USA;Acción, Ciencia Ficción, Avent
Star Wars: Episodio IV - Una n;1977;USA;Acción, Ciencia Ficción, Avent
Capote;2005;Cañada;Drama, Policial (crimen), Biog
Tsotsi;2005;UK;Drama, Policial (crimen)
Tú, yo y todos los demás;2005;USA;Drama, Comedia
Tú y yo;1957;USA;Drama, Comedia, Romántica
Un botín de 500.000 dólares;1974;USA;Drama, Comedia, Aventuras, Pol
Reservation Road;2007;USA;Thriller, Drama, Policial (cri
Un funeral de muerte;2007;USA;Comedia
Un gángster para un milagro;1961;USA;Drama, Comedia
Pijama para dos";1961;USA;Comedia, Romántica
un océano infinito BBC;;;
Un puente lejano;1977;USA;Acción, Drama, Bélica, Histori
Un tipo corriente;2002;Argentina;Comedia, Familiar, Romántica
Un toque de canela;2003;Greece;Drama, Comedia
Un tranvía llamado deseo;1951;USA;Drama, Romántica
Un verano con Mónica;1953;Sweden;Drama, Romántica
On Our Merry Way;1948;USA;. Música, Comedia
Una habitación con vistas;1985;UK;Drama, Romántica
Una historia verdadera;1999;France;Drama, Aventuras, Biográficas
Una jornada particular;1977;Italy;Drama, Bélica, Romántica
Una mujer para dos;1933;USA;Comedia, Romántica
Una partida de campo;1936;France;Drama, Romántica, Cortos
Una relación privada;"2003 1999";"portgal italia France";Drama, Romántica
Una terapia peligrosa;1999;USA;Comedia, Policial (crimen)
Underworld;2003;UK;Acción, Thriller, Fantasía
Uno dos y tres;1961;USA;Comedia
Vacaciones en Roma;1953;USA;Drama, Comedia, Romántica
Entre los muertos, De;1958;USA;Thriller, Policial (crimen), R
Coronel Blimp;1943;UK;Drama, Bélica, Romántica
Viridiana;1961;Spain;Drama
Viva la libertad;1931;France;Comedia, Musical
Vivir;1952;Japan;Drama
Wall Street;1987;USA;Drama, Policial (crimen)
Whisky;2004;Uruguay;Drama, Comedia
White Noise;2003;USA;Ciencia Ficción, Cortos
Y Dios creó la mujer;1956;France;Drama, Romántica
Y tu mamá también;2001;México;Drama, Comedia
Zona libre;2005;usa;Drama
Drácula, de Bram Stoker;1992;USA;Horror, Romántica
Superman;1978;UK;Acción, Ciencia Ficción, Avent
El apartamento;1960;USA;Drama, Comedia, Romántica
Sitiados;1950;USA;Drama, Bélica
Abril;1998;France;Comedia
Julia;1977;USA;Drama
Arizona baby;1987;USA;Comedia, Aventuras, Policial (
Francés;1982;USA;Drama, Biográficas
Wallander - Temporada 1;2008;UK;Thriller, Policial (crimen)
Fuego en el cuerpo;1981;USA;Thriller, Drama, Policial (cri
Cuando muere el día;1941;USA;Drama, Bélica
La última estación;2009;Germany;Drama, Romántica, Biográficas
Las nieves del Kilimanjaro;1952;USA;Drama, Aventuras, Romántica
Ave del paraíso;1932;USA;Drama, Aventuras, Romántica
El pan nuestro de cada día;1934;USA;Drama, Romántica
La brigada suicida;1947;USA;Drama, Policial (crimen), Cine
Orden: Caza sin cuartel;1948;USA;Thriller, Drama, Policial (cri
Macbeth;1948;USA;Drama
El extraño;1946;USA;Thriller, Drama, Policial (cri
Dead Man;1995;USA;Drama, Fantasía, Lejano Oeste
"La mu j er Mi nombre es Ninguno";1951;USA;Acción, Drama, Aventuras, Romá
;1973;Italy;Comedia, Lejano Oeste
Un final made in Hollywood;2002;USA;Comedia, Romántica
Todo lo demás;2003;USA;Comedia, Romántica
Melinda y Melinda;2004;USA;Drama, Comedia
Sueños de un seductor;1972;USA;Comedia, Romántica
La maldición del escorpión de;2001;USA;Comedia, Policial (crimen), Mi
Bowling for Columbine;2002;Cañada;Documental, Historia
Casablanca;1942;USA;Drama, Bélica, Romántica
Las vacaciones del señor Hulot;1953;France;Comedia
Este contraveneno del Oeste;1994;Hong Kong;Acción, Drama
Sorgo rojo;1987;China;Drama, Bélica
Hachi-gatsu no kyóshikyoku;1991;Japan;Drama
Gentlemán Jim;1942;USA;Drama, Comedia, Romántica, Dep
La historia oficial;1985;Argentina;Thriller, Drama, Bélica, Histo
Loca;1987;USA;Thriller, Drama
Ninotchka;1939;USA;Comedia, Romántica
La delgada línea roja;1998;USA;Acción, Drama, Bélica
Rufufú;1958;Italy;Comedia, Policial (crimen)
Cómo robar un millón y...;1966;USA;Comedia, Policial (crimen), Ro
Sopa de ganso;1933;USA;Comedia, Musical
La lista de Schindler;1993;USA;Drama, Bélica, Historia, Biogr
Babel;2006;France;Drama
Escrito sobre el viento;1956;USA;Drama, Romántica
Los chicos de Scottsboro;2006;USA;Drama, Policial (crimen)
Lady Jane;2008;France;Thriller, Drama, Policial (cri
Presidente Mitterrand;2005;France;Drama, Biográficas
Mi padre es ingeniero;2004;France;Drama
Marie-Jo y sus dos amores;2002;France;Drama, Comedia
Marius y Jeannette (un amor en;1997;France;Drama, Comedia, Romántica
Hierro 3;2004;South Korea;Drama, Policial (crimen), Romá
Hwal (El arco);2005;South Korea;Drama, Romántica
Time;2006;Japan;Drama, Romántica
Brokeback Mountain;2005;Cañada;Drama
El fabuloso mundo del circo;1964;USA;Drama, Lejano Oeste
Hiroshima mon amour;1959;France;Drama, Bélica, Romántica
Sed de mal;1958;USA;Thriller, Policial (crimen), C
Sucedió mañana;1944;USA;Comedia, Fantasía
Trainspotting;1996;UK;Drama, Policial (crimen)
Reservoir dogs;;;
Reservoir Dogs;1992;USA;Thriller, Policial (crimen), M
Río Grande;1950;USA;Lejano Oeste, Romántica
Trapecio;1956;USA;Drama
Rebeca;1940;USA;Thriller, Romántica, Misterio
El acorazado Potemkin;1925;Soviet Union;Drama, Bélica, Historia
El caballero del Oeste;1945;USA;Comedia, Lejano Oeste, Románti
Syriana;2005;USA;Thriller, Drama
El último mohicano;1992;USA;Aventuras, Bélica, Romántica
La ley del silencio;1954;USA;Drama, Policial (crimen)
Los caballeros de la mesa cuad;1975;UK;Comedia, Aventuras
Se armo la gorda;1971;UK;Comedia
Aterriza como puedas;1980;USA;Comedia, Romántica
Atrapa a un ladrón;1955;USA;Thriller, Policial (crimen), R
London River;2009;UK;Drama, Misterio
El último gran mago;2007;UK;Thriller, Drama, Romántica
La habitación de Fermat;2007;Spain;Thriller, Misterio
El último samurai;2003;USA;Acción, Drama, Aventuras, Béli
Juno;2007;USA;Drama, Comedia, Romántica
Sicko;2007;USA;Drama, Documental, Historia
El último samurai;2003;USA;Acción, Drama, Aventuras, Béli
La última estación;2009;Germany;Drama, Romántica, Biográficas
El espíritu de la colmena;1973;Spain;Drama, Fantasía
El niño de la bicicleta;2011;Belgium;Drama
11'09,,01 - 11 de septiembre;2002;UK;Drama
paris je t'aime;2006;France;Drama, Romántica
Sueños de haiti;2010;;
De entre los muertos;1958;USA;Thriller, Policial (crimen), R
La ventana indiscreta;1954;USA;Thriller, Policial (crimen), R
Los intocables de Eliot Ness;1987;USA;Thriller, Drama, Policial (cri
Falso culpable;1956;USA;Drama, Policial (crimen), Cine
Tiburón;1975;USA;Thriller
Salvar al soldado Ryan;1998;USA;Acción, Drama, Bélica, Histori
Sin novedad en el frente;1930;USA;Acción, Drama, Bélica, Histori
Encuentros en la tercera fase;1977;USA;Drama, Ciencia Ficción
El viaje de los malditos;1976;UK;Drama, Bélica
Volver;2006;Spain;Drama, Comedia, Policial (crim
0 Brother!;2000;UK;Música, Comedia, Aventuras, Po
Juana la Loca;2001;Spain;Drama, Romántica, Historia, Bi
La hora de los valientes;1998;Spain;Drama, Bélica, Romántica
El perro del hortelano;1996;Spain;Comedia, Romántica
Amantes;1991;Spain;Drama, Policial (crimen), Romá
Cómo ser John Malkovich;1999;USA;Drama, Comedia, Fantasía, Romá
La vida privada de Enrique VII;1933;UK;Drama, Comedia, Historia, Biog
El halcón y Ia flecha;1950;USA;Acción, Aventuras, Romántica
Los fabulosos Baker Boys;1989;USA;Drama, Música, Romántica
Juana la Loca;2001;Spain;Drama, Romántica, Historia, Bi
La teta asustada;2009;Spain;Drama, Música
Casino, de Scorsese;1995;USA;Drama, Policial (crimen), Biog
El pirata Barbanegra;1952;USA;Aventuras
Tragedia y triunfo de Verdi;2010;Italy;Drama, Música, Romántica, Biog
Los pájaros;1963;USA;Thriller, Horror, Romántica
La vida de los otros;2006;Germany;Thriller, Drama
El caso Bourne;2002;USA;Acción, Thriller, Misterio
El mito de Bourne;2004;USA;Acción, Thriller, Misterio
El ultimátum de Bourne;2007;USA;Acción, Thriller, Misterio
Green Zone: Distrito protegido;2010;France;Acción, Thriller, Drama, Bélic
Sucedió una noche;1934;USA;Comedia, Romántica
Niñera moderna;1948;USA;Comedia
La ciudad de la alegría;1992;France;Drama
The Closer - Temporada 1;;;
The Closer - Temporada 1;2005;USA;Drama, Policial (crimen), Mist
Wallander - Temporada 1;2008;UK;Thriller, Policial (crimen)
Wallander - Temporada 1;2005;Sweden;Thriller, Drama, Policial (cri
Cantando bajo la lluvia (x2);1952;USA;Comedia, Romántica, Musical
Mientras Nueva York duerme;1956;USA;Drama, Cine Negro
La ley del silencio;1954;USA;Drama, Policial (crimen)
Papá está en viaje de negocios;1985;Yugoslavia;Drama
Escrito sobre el viento;1956;USA;Drama, Romántica
El amigo americano;1977;West Germany;Thriller, Drama, Policial (cri
E.T., el extraterrestre;1982;USA;Drama, Ciencia Ficción, Aventu
Matrimonio a la italiana;1964;Italy;Drama, Comedia, Romántica
Pa negre;2010;Spain;Drama
Una historia del Bronx;1993;USA;Drama, Policial (crimen)
La muerte tenía un precio;1965;Italy;Lejano Oeste
Me siento rejuvenecer;1952;USA;Ciencia Ficción, Comedia
Los caballeros las prefieren r;1953;USA;Drama, Comedia, Romántica, Mus
El prestamista;1964;USA;Drama
Larga jornada hacia la noche;1962;USA;Drama
Breve encuentro;1945;UK;Drama, Romántica
Bus Stop;1956;USA;Drama, Comedia, Romántica
Kagemusha, la sombra del guerr;1980;Japan;Drama, Bélica, Historia
El multimillonario;1960;USA;Comedia, Romántica, Musical
La escapada;1962;Italy;Drama, Comedia
Círculo rojo;1970;France;Thriller, Drama, Policial (cri
El rey del rodeo;1972;USA;Acción, Lejano Oeste
El sol documental;2010;USA;Documental
El capitán Blood;1935;USA;Acción, Aventuras, Romántica
Yo, también;2009;Spain;Drama
Good;2008;UK;Drama
Patton;1970;USA;Drama, Bélica, Biográficas
Tora, Tora, Tora;1970;USA;Acción, Drama, Aventuras, Béli
Náufragos;1944;USA;Thriller, Bélica
Mensaka;1998;Spain;
El beso de la mujer araña;1985;Brazil;Drama
Esperanza y gloria;1987;UK;Drama, Bélica
La carta esférica;2007;Spain;Aventuras
Bicicleta, cullera, poma;2010;Spain;Documental
Vivir;1994;China;Drama, Bélica
La soga;1948;USA;Thriller, Policial (crimen), R
Frenesí;1972;UK;Thriller, Policial (crimen)
Un corazón en peligro;1944;USA;Drama, Romántica
La legión invencible;1949;USA;Lejano Oeste
La caída de la casa Usher;1960;USA;Thriller, Horror, Drama
Gary Cooper, que estás en los;1980;Spain;Drama
Valkiria;2008;USA;Thriller, Drama, Bélica, Histo
Asesinato en 8mm.;1999;USA;Thriller, Policial (crimen), M
Millennium 1: Los hombres que;2009;Sweden;Thriller, Drama, Policial (cri
Millennium 2: La chica que soñ;2009;Sweden;Thriller, Drama, Policial (cri
Millennium 3 - La reina en el;2009;Sweden;Thriller, Drama, Policial (cri
La evasión;1960;France;Thriller, Drama, Policial (cri
El Bazar de las sorpresas;1940;USA;Drama, Comedia, Romántica
El viaje fantástico de Simbad;1973;USA;Acción, Aventuras, Fantasía, F
Sinbad y el ojo del tigre;1977;USA;Acción, Aventuras, Fantasía, F
El último golpe (2);2001;Cañada;Acción, Thriller, Drama, Polic
El secreto de sus ojos;2009;Argentina;Drama, Romántica, Misterio
The Italian Job;2003;USA;Acción, Thriller, Policial (cr
El vuelo del Fénix;1965;USA;Drama, Aventuras
Yuma/ Rum of the arrow;;;
Yuma;1957;USA;Lejano Oeste
Divorcio a la italiana;1961;Italy;Comedia
El informe Pelícano;1993;USA;Thriller, Drama, Policial (cri
Mi vida sin mí;2003;Spain;Drama, Romántica
Chinatown;1974;USA;Thriller, Drama, Policial (cri
La soledad;2007;Spain;Drama
Presunto inocente;1990;USA;Thriller, Drama, Policial (cri
Ojos negros;1987;Italy;Drama, Comedia, Romántica
El Decamerón (trilogía de la;1971;Italy;Drama, Comedia
I racconti di Canterbury (trio;1972;Italy;Drama, Comedia
Las mil y una noches (trilog;1974;Italy;Drama, Comedia, Fantasía
Salvatore Giuliano;1962;Italy;Drama, Bélica, Policial (crime
Gattaca;1997;USA;Thriller, Drama, Ciencia Ficci
El gran Gatsby;1974;;Drama
El truco del manco;2008;;Drama
El árbol de los zuecos;1978;;Drama, Aventuras, Historia j
un maldito embrollo;1959;;Policial (crimen), Cine Negro j
Esperando a Mr. Bridge;;;Drama
El mundo en sus manos;;;
El mundo en sus manos;1952;USA;Aventuras ¡
De Dioses y Hombres;2010;Francia;Drama, Aventuras
El hombre de Laramie;1955;Usa;Acción, Aventuras, Lejano Oest
El discurso del Rey;2010;Ru y Australia;
Siempre hay un mañana;1956;USA;Drama
Ninotchka;1939;USA;Comedia ¡
Copia Certificada;2010;Francia/Italia;Drama, Comedia, Romántica
El Abuelo;1998;España;Drama, Aventuras, Bélica
Vacas;2004;España;Drama, Aventuras, Familiar
Hamsun;1996;Alemania;Drama, Historia
La milla verde;1999;USA;Drama
Escuchando a Garzón;2010;España;
El pricipe de nías mareas;1992;Usa;Thriller, Drama
El misterio de Palé chorse;1996;UK;
Atrapa a un ladrón;1954;Usa;
El último pistolero;1976;USA;Lejano Oeste
Margen de error;1943;USA;Thriller, Misterio
Dame un poco de amoor;;;Musical
Gorilas en la niebla;1988;USA;
El show de Truman;1998;USA;
El misterio de las siete esfer;1981;UK;Thriller
Full Monty;1997;USA;Comedia
Full Monty;1997;UK;Música, Comedia
La gata sobre el tejado de zin;1958;USA;Drama
Extraños en un tren (dos versi;1951;USA;Thriller, Policial (crimen), R
El discreto encanto de la burg;1972;France;Drama, Comedia, Fantasía
Espartaco;1960;USA;Acción, Drama, Aventuras, Hist
Y la nave va;1983;Italy;Drama, Música, Comedia, Bélica
La grande illusion 1;1937;France;Drama, Bélica
La Marsellesa 2;1938;France;Drama, Música, Bélica, Histori
El cabo atrapado 3;1962;Francia;Bélica
La hija del agua 4;1925;;
Sur un air de Charleston 5;1927;France;Ciencia Ficción, Cortos
La petite marchande d'allumett;1928;France;Drama, Cortos
Un lugar en el sol;1951;USA;Drama, Romántica
I’m Not There.;2007;USA;Drama, Música, Biográficas
Soylent Green: Cuando el desti;1973;USA;Thriller, Drama, Ciencia Ficci
¡Viva Zapata!;1952;USA;Lejano Oeste, Historia
El señor de la guerra (cine ép;1965;USA;Drama, Historia
Julio César, 'El Conquistador;1962;Italy;Acción, Drama, Aventuras, Hist
El último valle (cine épico);1971;UK;Drama, Aventuras, Bélica
Waterloo (cine épico);1970;Italy;Acción, Drama, Bélica, Histori
La strada (Fellini);1954;Italy;Drama
El jeque blanco (Fellini);1952;Italy;Drama, Comedia, Romántica
El limpiabotas (De Sica);1946;Italy;Drama
L'oro di Napoli (De Sica);1954;Italy;Comedia
Julia;1977;USA;Drama
Samaritan Girl;2004;South Korea;Drama
Tristram Shandy: A Cock and Bu;2005;UK;Comedia
Desde Rusia con amor;1963;UK;Acción, Thriller, Aventuras
James Bond contra Goldfinger;1964;UK;Acción, Thriller
Cita a ciegas;1987;USA;Comedia, Romántica
Hombres intrépidos;1940;USA;Acción, Aventuras
Bella de día;1967;France;Drama
El guateque;1968;USA;Comedia
Adiós, muchachos;1987;France;Drama, Bélica
El golpe;1973;USA;Drama, Comedia, Policial (crim
Un hombre soltero;2009;USA;Drama
Con el agua al cuello;1975;USA;Thriller, Misterio
Sicko;2007;USA;Drama, Documental, Historia
La huella;1972;USA;Thriller, Misterio
Mad Men - Temporada 1;2007;USA;Drama
Sinper^gg;1992;USA;Drama, Lejano Oeste
ETgeneral de la Rovere;1959;Italy;Drama, Bélica
Van Gogh, la película;1990;Netherlands;Drama, Biográficas
Hannah y sus hermanas;1986;USA;Drama, Comedia, Romántica
La deuda;2011;USA;Acción, Thriller
Verdades ocultas;2005;Iceland;Thriller, Drama
El niño con el pijama de rayas;2008;UK;Drama, Bélica, Historia
Sospecha;1941;USA;Thriller, Romántica, Misterio,
El talento de Mr. Ripley;1999;USA;Thriller, Drama, Policial (cri
No es país para viejos;2007;USA;Thriller, Drama, Policial (cri
Viento en las velas;1965;UK;Drama, Aventuras
Tobruk;1967;USA;Drama, Bélica
El silencioso;1973;France;Drama
El hombre tranquilo;1952;USA;Drama, Comedia, Romántica
Sueños de un seductor;1972;USA;Comedia, Romántica
Voces de muerte;1948;USA;Thriller, Drama, Cine Negro
La última seducción;1994;UK;Thriller, Drama, Policial (cri
La terraza;1980;Italy;Drama
Las amigas;1955;Italy;Drama, Romántica
Trece asesinos;2010;Japón;Acción, Drama, Aventuras, Hist
El viento que agita la cebada;2006;Ireland;Drama, Bélica, Historia
Gomorra;2008;Italy;Drama, Policial (crimen)
El día de los tramposos;1970;USA;Acción, Drama, Comedia, Lejano
Viento en las velas;1965;UK;Drama, Aventuras
El guateque;1968;USA;Comedia
La vida de los otros;2006;Germany;Thriller, Drama
Dos en la carretera;1967;;Drama, Comedia, Romántica
Boys Don't Cry;1999;USA;Drama, Policial (crimen), Romá
Muerte entre las flores;1990;USA;Thriller, Drama, Policial (cri
Cría cuervos;1976;Spain;Drama
Dublineses (Los muertos);1987;UK;Drama
El concierto;2009;France;Drama, Música, Comedia
El amigo americano;1977;West Germany;Thriller, Drama, Policial (cri
Lakposhtha parvaz mikonand;2004;Irán;Drama, Bélica
Capitanes intrépidos;1937;USA;Drama, Aventuras, Familiar
La carrera del siglo;1965;USA;Acción, Comedia, Aventuras, Fa
La gran guerra;1959;Italy;Drama, Comedia, Bélica
La maldición de la flor dorada;2006;;
El cazador;1978;;
Inside Job;2010;;
Inside Job;2010;USA;Policial (crimen), Documental
Barry Lyndon BLU-Ray;1975;UK;Drama, Bélica, Romántica
Exposición de amor LOVE EXPOSU;2008;Japan;Acción, Drama, Comedia, Románt
La isla del tesoro;1934;USA;Aventuras
Vidas rebeldes;1961;USA;Drama, Lejano Oeste, Romántica
Las amistades peligrosas;1988;USA;Drama, Romántica
No estoy solo;1972;Italy;Drama, Historia
La audiencia;1972;Italy;Drama
Así es la vida;2000;México;Drama, Romántica
Las afinidades electivas;1996;Italy;Drama, Comedia, Romántica
In the Loop;2009;UK;Comedia
A pleno sol;1960;France ;Thriller, Drama,
Fringe: al límite temporada 1;2008;USA ;Thriller, Horror,
Gomorra;2008;Italy ;Drama, Policial (
La vida es una sola;1937;USA ;Drama, Policial (
THE LOOKOUT;2007;USA ;Thriller, Drama,
Con las horas contadas;1950;USA ;Drama, Misterio,
Boys Don't Cry;1999;USA ;Drama, Policial (
Ola de crímenes;1954;USA ;Drama, Policial (
SI YO TUVIERA UN MILLON;; ;Policial (cri
Si yo tuviera un millón;1932;USA ;Drama, Cieñe
Una mente maravillosa;2001;USA ;crimen)
El perdón (The Claim);2000;UK ;crimen), Cine
EL TOPO -PIRATA-;2011;France ;Policial (cri
Silencio en la nieve -PIRATA-;2011;Spain ;Cine Negro
J. Edgar -PIRATA-;2011;USA ;crimen), Romá
Pygmalion;1938;UK ;crimen), Cine
El silencio de Lorna;2008;Belgium ;Drama, Comedia
El motín del Caine;1954;USA ;Drama, Biográficas
Unele Boonmee recuerda sus vid;2010;Thailand ;Drama, Lejano Oeste, Romántica
La Vía Láctea -1;1936;USA ;Thriller, Drama, Misterio
SALGAN Y ENTREN 2;;USA ;Drama, Policial (crimen), Hist
APARICION DE FANTASMAS -3;;USA ;Drama, Comedia, Romántica
El fotógrafo del pánico;1960;UK ;Drama
La vida es bella;1997;Italy ;Drama, Bélica, Romántica
Ginger y Fred;1986;Italy ;Drama, Comedia, Fantasía
A través del espejo;1946;USA ;Comedia
Cielo amarillo;1948;USA ;Thriller, Horror, Policial (cr
Amor a quemarropa;; ;Drama, Comedia, Bélica, Románt
El último rey de Escocia;2006;UK ;Drama, Comedia
Arde Mississippi;1988;USA ;Thriller, Cine Negro
Minority Report;2002;USA ;Policial (crimen), Lejano Oest
Mi semana con Marilyn-pirata-;2011;UK ;Thriller, Drama, Biográficas
La invención de Hugo -pirata-;2011;USA ;Thriller, Drama, Policial (cri
Revolutionary Road;2008;USA ;Acción, Thriller, Ciencia Ficc
El americano;2010;USA ;Drama, Biográficas
Morente;2011;Spain ;Drama, Aventuras, Familiar, Mi
El quimérico inquilino;1976;France ;Drama, Romántica
Novecento;1976;Italy ;Drama, Policial (crimen)
Adiós, muñeca;1975;USA ;Documental
Up in the Air;2009;USA ;Thriller, Drama, Misterio
Lluís Llach a Verges;;Spain ;Drama, Historia
Kill Bill: Vol. 1;2003;USA ;Thriller, Policial (crimen), M
"Kill Bill. Volume 2 ^ Semilla de crisantemo A AA/p""";2004;USA ;Drama, Romántica
;1990;Japan ;Música
El desafío - Frost contra Nixo;2008;USA ;Acción, Thriller, Policial (cr
Luces rojas;2012;Spain ;Thriller, Drama, Policial (cri
Entre copas;2004;USA ;Drama
Pollock. La vida de un creador;2000;USA ;Drama, Historia
Jackie Brown;1997;USA ;Thriller
No habrá paz para los malvados;2011;Spain ;Thriller
Malditos bastardos;2009;USA ;Drama, Aventuras, Bélica
Palermo Shooting;2008;Germany ;Drama
El último atardecer;1961;USA ;Lejano Oeste
El apartamento;1960;USA ;Drama, Comedia, Romántica
American Gángster;2007;USA ;Drama, Policial (crimen), Biog
Los diez mandamientos cinta 1;1956;USA ;Drama, Aventuras, Historia
Uno de los nuestros;1990;USA ;Thriller, Drama, Policial (cri
Gladiator;2000;USA ;Acción, Drama, Aventuras, Hist
Celda 211;2009;Spain ;Acción, Drama
El temible burlón;1952;USA ;Acción, Comedia, Aventuras
Atrapado en el tiempo;1993;USA ;Drama, Comedia, Fantasía, Romá
Perversidad;1945;USA ;Drama, Cine Negro
El proceso Paradine;1947;USA ;Thriller, Drama, Policial (cri
Freud, pasión secreta;1962;USA ;Drama, Biográficas
Encubridora;1952;USA ;Drama, Lejano Oeste
Ricas y famosas;1981;USA ;Drama
La novia era él;1949;USA ;Comedia, Bélica, Romántica
The Queen (La Reina);2006;UK ;Drama, Biográficas
La rosa púrpura de El Cairo;1985;USA;Comedia, Fantasía, Romántica
Encadenados;1946;USA;Thriller, Romántica, Cine Negr
Mogambo;1953;USA;Drama, Aventuras, Romántica
La isla del tesoro;1934;USA;Aventuras
David Copperfield;1935;USA;Drama, Aventuras, Romántica
La casa del juego;1987;USA;Thriller, Policial (crimen), M
Érase una vez en América;1984;Italy;Drama, Policial (crimen)
La burla del diablo;1953;UK;Acción, Drama, Comedia, Aventu
Chloe;2009;USA;Thriller, Drama
Billy Elliot (Quiero bailar);2000;UK;Drama, Música, Comedia
Pandora y el holandés errante;1951;UK;Drama, Fantasía, Romántica, Mi
El séptimo velo ( en la misma;1945;UK;Drama, Música
Roma (en la misma cinta Casano;1972;Italy;Drama, Comedia
El Casanova de Fellini ( en la;1976;Italy;Drama, Romántica, Historia, Bi
El nombre de la rosa -blurray-;1986;West Germany;Thriller, Drama, Policial (cri
Las nieves del Kilimanjaro (p;2011;France;Drama
Lo que queda del día;1993;UK;Drama, Romántica
Sospechosos habituales;1993;UK;Drama, Romántica
Esplendor en la hierba;1995;USA;Thriller, Drama, Policial (cri
Promesas del este;1961;USA;Drama, Romántica
El signo del Zorro;2007;UK;Thriller, Drama, Policial (cri
El diablo viste de Prada;1940;USA;Acción, Aventuras, Lejano Oest
La misión;2006;USA;Drama, Comedia, Romántica
Los chicos del coro;1986;UK;Drama, Aventuras, Historia
King Kong;2004;France;Drama, Música
Gardenia azul;2005;New Zealand;Acción, Thriller, Drama, Avent
Manhattan Sur;1953;USA;Thriller, Drama, Policial (cri
El intendente Sansho (carpeta;1985;USA;Acción, Thriller, Drama, Polic
Historia del último crisantem;1954;Japan;Drama
La emperatriz	Yang	Kwei	Fei (c;1939;Japan;Drama
Cuentos de la	luna	pálida (Ca;1955;Japan;Drama, Romántica, Historia
Utamaro o meguru gonin no onna;1953;Japan;Thriller, Drama, Fantasía, Rom
Los girasoles;1946;Japan;Drama
Roma, ciudad abierta;1970;Italy;Drama
El Casanova de Fellini;1945;Italy;Drama, Bélica
L.A. Confidential;1976;Italy;Drama, Romántica, Historia, Bi
Ágora;1997;USA;Drama, Policial (crimen), Mist
Como un torrente;2009;Spain;Drama, Aventuras, Romántica, H
El exótico hotel Marigold;1958;USA;Drama, Romántica
El	señor	de	los	anillos:	La	co;2001;New Zealand;Acción, Aventuras, Fantasía
El	señor	de	los	anillos:	El	re;2003;USA;Acción, Aventuras, Fantasía
El	señor	de	los	anillos:	Las d;2002;USA;Acción, Aventuras, Fantasía
La	duda	(Doubt);2008;USA;Drama, Misterio
Lo que el viento se llevó;1939;USA;Drama, Bélica, Romántica
Los duelistas;1977;UK;Drama
Banderas de nuestros padres;2006;USA;Drama, Bélica, Historia
Attack;1956;USA;Acción, Drama, Bélica
Precious;2009;USA;Drama
King Kong;1933;USA;Horror, Aventuras, Fantasía
La clase;2008;France;Drama
Dulce pájaro de juventud;1962;USA;Drama
El velo pintado (The Painted V;2006;China;Drama, Romántica
Pride & Prejudice (Orgullo y p;2005;France;Drama, Romántica
La linterna roja;1991;China;Drama
Toma el dinero y corre;1969;USA;Comedia, Policial (crimen)
Distrito Apache;1981;USA;Drama, Policial (crimen)
Noches blancas (retrospectiva;1957;Italy;Drama, Romántica
Cronaca familiare (retrospecti;1962;Italy;Drama
Una vida privada Retrospectiva;1962;France;Drama
Otra terapia peligrosa ¡Recaíd;2002;USA;Comedia, Policial (crimen)
Ice Age. La edad de hielo;2002;USA;Comedia, Aventuras, Animación,
Infernal Affairs II;2003;Hong Kong;Acción, Thriller, Drama, Polic
La ley de la calle;1983;USA;Drama
Collateral;2004;USA;Thriller, Drama, Policial (cri
FropWliySr condenada;1966;USA;Drama, Romántica
El intercambio;2008;USA;Thriller, Drama, Misterio, His
Yo creo en ti;1948;USA;Drama, Policial (crimen), Mist
El exótico Hotel Marigold;2011;UK;Drama, Comedia
CW?T*el argentino;2008;France;Drama, Bélica, Historia, Biogr
Perros de paja;1971;USA;Thriller
Primera plana;1974;USA;Drama, Comedia, Romántica
Valmont;1989;France;Drama, Romántica
La misión;1986;UK;Drama, Aventuras, Historia
Senderos de gloria;1957;USA;Drama, Bélica
Barcelona, abans que el temps;2010;Spain;Documental
El león en invierno;2003;USA;Drama, Bélica, Romántica, Hist
No Direction Home: Bob Dylan;;UK;Música, Documental, Romántica,
Un americano tranquilo;1958;USA;Thriller, Drama, Bélica, Román
Smoke;1995;Germany;Drama, Comedia
Los idus de marzo;2011;USA;Drama
LiV'Sn los grandes almacenes;;;
Luna de papel;1973;USA;Drama, Comedia, Policial (crim
Las normas de la casa de la si;1999;USA;Drama, Romántica
Los duelistas;1977;UK;Drama
Vidas rebeldes;1961;USA;Drama, Lejano Oeste, Romántica
La deuda;2010;USA;Thriller, Drama
T^Plume de mujer;1974;Italy;Drama, Comedia
Doce monos;1995;USA;Thriller, Ciencia Ficción, Mis
El pisito;1959;Spain;Comedia
Pollock. La vida de un creador;2000;USA;Drama, Biográficas
Lloviendo piedras;1993;UK;Drama, Comedia
Antes del atardecer;2004;USA;Drama, Romántica
Antes de amanecer;1995;USA;"Drama, Romántica
Dos semanas en otra ciudad;1962;USA;Drama
Infiltrados;2006;USA;Thriller, Policial (crimen)
El faro del sur;1998;Argentina;Drama
La torre de los siete jorobado;1944;Spain;Thriller, Horror, Comedia, Fan
La tierra de la gran promesa;1975;Poland;Drama
Au hasard Balthazar;1966;France;Drama, Policial (crimen)
Código desconocido;;;
Another year (carpeta dos DVD);2010;UK;Drama, Comedia
Happy, un cuento sobre la feli;2008;UK;Drama, Comedia
